ticker,statement,fiscal_date,metric,value
ZGN,income_statement,2025-12-31,Tax Effect Of Unusual Items,7558278.0
ZGN,income_statement,2025-12-31,Tax Rate For Calcs,0.218
ZGN,income_statement,2025-12-31,Normalized EBITDA,405253000.0
ZGN,income_statement,2025-12-31,Total Unusual Items,34671000.0
ZGN,income_statement,2025-12-31,Total Unusual Items Excluding Goodwill,34671000.0
ZGN,income_statement,2025-12-31,Net Income From Continuing Operation Net Minority Interest,98582000.0
ZGN,income_statement,2025-12-31,Reconciled Depreciation,259923000.0
ZGN,income_statement,2025-12-31,Reconciled Cost Of Revenue,622910000.0
ZGN,income_statement,2025-12-31,EBITDA,439924000.0
ZGN,income_statement,2025-12-31,EBIT,180001000.0
ZGN,income_statement,2025-12-31,Net Interest Income,-34633000.0
ZGN,income_statement,2025-12-31,Interest Expense,39959000.0
ZGN,income_statement,2025-12-31,Interest Income,2303000.0
ZGN,income_statement,2025-12-31,Normalized Income,71469278.0
ZGN,income_statement,2025-12-31,Net Income From Continuing And Discontinued Operation,98582000.0
ZGN,income_statement,2025-12-31,Total Expenses,1777467000.0
ZGN,income_statement,2025-12-31,Total Operating Income As Reported,139480000.0
ZGN,income_statement,2025-12-31,Diluted Average Shares,261471986.0
ZGN,income_statement,2025-12-31,Basic Average Shares,259598645.0
ZGN,income_statement,2025-12-31,Diluted EPS,0.38
ZGN,income_statement,2025-12-31,Basic EPS,0.38
ZGN,income_statement,2025-12-31,Diluted NI Availto Com Stockholders,98582000.0
ZGN,income_statement,2025-12-31,Net Income Common Stockholders,98582000.0
ZGN,income_statement,2025-12-31,Net Income,98582000.0
ZGN,income_statement,2025-12-31,Minority Interests,-10905000.0
ZGN,income_statement,2025-12-31,Net Income Including Noncontrolling Interests,109487000.0
ZGN,income_statement,2025-12-31,Net Income Continuous Operations,109487000.0
ZGN,income_statement,2025-12-31,Tax Provision,30555000.0
ZGN,income_statement,2025-12-31,Pretax Income,140042000.0
ZGN,income_statement,2025-12-31,Other Income Expense,35195000.0
ZGN,income_statement,2025-12-31,Earnings From Equity Interest,524000.0
ZGN,income_statement,2025-12-31,Gain On Sale Of Security,34671000.0
ZGN,income_statement,2025-12-31,Net Non Operating Interest Income Expense,-34633000.0
ZGN,income_statement,2025-12-31,Total Other Finance Cost,-3023000.0
ZGN,income_statement,2025-12-31,Interest Expense Non Operating,39959000.0
ZGN,income_statement,2025-12-31,Interest Income Non Operating,2303000.0
ZGN,income_statement,2025-12-31,Operating Income,139480000.0
ZGN,income_statement,2025-12-31,Operating Expense,1154557000.0
ZGN,income_statement,2025-12-31,Selling General And Administration,1154557000.0
ZGN,income_statement,2025-12-31,Selling And Marketing Expense,120686000.0
ZGN,income_statement,2025-12-31,General And Administrative Expense,1033871000.0
ZGN,income_statement,2025-12-31,Other Gand A,1033871000.0
ZGN,income_statement,2025-12-31,Gross Profit,1294037000.0
ZGN,income_statement,2025-12-31,Cost Of Revenue,622910000.0
ZGN,income_statement,2025-12-31,Total Revenue,1916947000.0
ZGN,income_statement,2025-12-31,Operating Revenue,1916947000.0
ZGN,income_statement,2024-12-31,Tax Effect Of Unusual Items,-3255536.0
ZGN,income_statement,2024-12-31,Tax Rate For Calcs,0.304
ZGN,income_statement,2024-12-31,Normalized EBITDA,416938000.0
ZGN,income_statement,2024-12-31,Total Unusual Items,-10709000.0
ZGN,income_statement,2024-12-31,Total Unusual Items Excluding Goodwill,-10709000.0
ZGN,income_statement,2024-12-31,Net Income From Continuing Operation Net Minority Interest,77083000.0
ZGN,income_statement,2024-12-31,Reconciled Depreciation,235950000.0
ZGN,income_statement,2024-12-31,Reconciled Cost Of Revenue,650087000.0
ZGN,income_statement,2024-12-31,EBITDA,406229000.0
ZGN,income_statement,2024-12-31,EBIT,170279000.0
ZGN,income_statement,2024-12-31,Net Interest Income,-26596000.0
ZGN,income_statement,2024-12-31,Interest Expense,39671000.0
ZGN,income_statement,2024-12-31,Interest Income,2571000.0
ZGN,income_statement,2024-12-31,Normalized Income,84536464.0
ZGN,income_statement,2024-12-31,Net Income From Continuing And Discontinued Operation,77083000.0
ZGN,income_statement,2024-12-31,Total Expenses,1779795000.0
ZGN,income_statement,2024-12-31,Total Operating Income As Reported,166852000.0
ZGN,income_statement,2024-12-31,Diluted Average Shares,254239096.0
ZGN,income_statement,2024-12-31,Basic Average Shares,251531105.0
ZGN,income_statement,2024-12-31,Diluted EPS,0.3
ZGN,income_statement,2024-12-31,Basic EPS,0.31
ZGN,income_statement,2024-12-31,Diluted NI Availto Com Stockholders,77083000.0
ZGN,income_statement,2024-12-31,Net Income Common Stockholders,77083000.0
ZGN,income_statement,2024-12-31,Net Income,77083000.0
ZGN,income_statement,2024-12-31,Minority Interests,-13778000.0
ZGN,income_statement,2024-12-31,Net Income Including Noncontrolling Interests,90861000.0
ZGN,income_statement,2024-12-31,Net Income Continuous Operations,90861000.0
ZGN,income_statement,2024-12-31,Tax Provision,39747000.0
ZGN,income_statement,2024-12-31,Pretax Income,130608000.0
ZGN,income_statement,2024-12-31,Other Income Expense,-9648000.0
ZGN,income_statement,2024-12-31,Earnings From Equity Interest,1061000.0
ZGN,income_statement,2024-12-31,Gain On Sale Of Security,-10709000.0
ZGN,income_statement,2024-12-31,Net Non Operating Interest Income Expense,-26596000.0
ZGN,income_statement,2024-12-31,Total Other Finance Cost,-10504000.0
ZGN,income_statement,2024-12-31,Interest Expense Non Operating,39671000.0
ZGN,income_statement,2024-12-31,Interest Income Non Operating,2571000.0
ZGN,income_statement,2024-12-31,Operating Income,166852000.0
ZGN,income_statement,2024-12-31,Operating Expense,1129708000.0
ZGN,income_statement,2024-12-31,Selling General And Administration,1129708000.0
ZGN,income_statement,2024-12-31,Selling And Marketing Expense,121384000.0
ZGN,income_statement,2024-12-31,General And Administrative Expense,1008324000.0
ZGN,income_statement,2024-12-31,Other Gand A,1008324000.0
ZGN,income_statement,2024-12-31,Gross Profit,1296560000.0
ZGN,income_statement,2024-12-31,Cost Of Revenue,650087000.0
ZGN,income_statement,2024-12-31,Total Revenue,1946647000.0
ZGN,income_statement,2024-12-31,Operating Revenue,1946647000.0
ZGN,income_statement,2023-12-31,Tax Effect Of Unusual Items,-2055240.0
ZGN,income_statement,2023-12-31,Tax Rate For Calcs,0.198
ZGN,income_statement,2023-12-31,Normalized EBITDA,405117000.0
ZGN,income_statement,2023-12-31,Total Unusual Items,-10380000.0
ZGN,income_statement,2023-12-31,Total Unusual Items Excluding Goodwill,-10380000.0
ZGN,income_statement,2023-12-31,Net Income From Continuing Operation Net Minority Interest,121529000.0
ZGN,income_statement,2023-12-31,Reconciled Depreciation,194952000.0
ZGN,income_statement,2023-12-31,Reconciled Cost Of Revenue,680235000.0
ZGN,income_statement,2023-12-31,EBITDA,394737000.0
ZGN,income_statement,2023-12-31,EBIT,199785000.0
ZGN,income_statement,2023-12-31,Net Interest Income,-25721000.0
ZGN,income_statement,2023-12-31,Interest Expense,30691000.0
ZGN,income_statement,2023-12-31,Interest Income,2894000.0
ZGN,income_statement,2023-12-31,Normalized Income,129853760.0
ZGN,income_statement,2023-12-31,Net Income From Continuing And Discontinued Operation,121529000.0
ZGN,income_statement,2023-12-31,Total Expenses,1696401000.0
ZGN,income_statement,2023-12-31,Total Operating Income As Reported,208148000.0
ZGN,income_statement,2023-12-31,Diluted Average Shares,252363769.0
ZGN,income_statement,2023-12-31,Basic Average Shares,247015882.0
ZGN,income_statement,2023-12-31,Diluted EPS,0.48
ZGN,income_statement,2023-12-31,Basic EPS,0.49
ZGN,income_statement,2023-12-31,Diluted NI Availto Com Stockholders,121529000.0
ZGN,income_statement,2023-12-31,Net Income Common Stockholders,121529000.0
ZGN,income_statement,2023-12-31,Net Income,121529000.0
ZGN,income_statement,2023-12-31,Minority Interests,-14132000.0
ZGN,income_statement,2023-12-31,Net Income Including Noncontrolling Interests,135661000.0
ZGN,income_statement,2023-12-31,Net Income Continuous Operations,135661000.0
ZGN,income_statement,2023-12-31,Tax Provision,33433000.0
ZGN,income_statement,2023-12-31,Pretax Income,169094000.0
ZGN,income_statement,2023-12-31,Other Income Expense,-13333000.0
ZGN,income_statement,2023-12-31,Earnings From Equity Interest,-2953000.0
ZGN,income_statement,2023-12-31,Gain On Sale Of Security,-10380000.0
ZGN,income_statement,2023-12-31,Net Non Operating Interest Income Expense,-25721000.0
ZGN,income_statement,2023-12-31,Total Other Finance Cost,-2076000.0
ZGN,income_statement,2023-12-31,Interest Expense Non Operating,30691000.0
ZGN,income_statement,2023-12-31,Interest Income Non Operating,2894000.0
ZGN,income_statement,2023-12-31,Operating Income,208148000.0
ZGN,income_statement,2023-12-31,Operating Expense,1016166000.0
ZGN,income_statement,2023-12-31,Selling General And Administration,1016166000.0
ZGN,income_statement,2023-12-31,Selling And Marketing Expense,114802000.0
ZGN,income_statement,2023-12-31,General And Administrative Expense,901364000.0
ZGN,income_statement,2023-12-31,Other Gand A,901364000.0
ZGN,income_statement,2023-12-31,Gross Profit,1224314000.0
ZGN,income_statement,2023-12-31,Cost Of Revenue,680235000.0
ZGN,income_statement,2023-12-31,Total Revenue,1904549000.0
ZGN,income_statement,2023-12-31,Operating Revenue,1904549000.0
ZGN,income_statement,2022-12-31,Tax Effect Of Unusual Items,-10773636.0
ZGN,income_statement,2022-12-31,Tax Rate For Calcs,0.354
ZGN,income_statement,2022-12-31,Normalized EBITDA,321059000.0
ZGN,income_statement,2022-12-31,Total Unusual Items,-30434000.0
ZGN,income_statement,2022-12-31,Total Unusual Items Excluding Goodwill,-30434000.0
ZGN,income_statement,2022-12-31,Net Income From Continuing Operation Net Minority Interest,51482000.0
ZGN,income_statement,2022-12-31,Reconciled Depreciation,173521000.0
ZGN,income_statement,2022-12-31,Reconciled Cost Of Revenue,564832000.0
ZGN,income_statement,2022-12-31,EBITDA,290625000.0
ZGN,income_statement,2022-12-31,EBIT,117104000.0
ZGN,income_statement,2022-12-31,Net Interest Income,-18461000.0
ZGN,income_statement,2022-12-31,Interest Expense,16023000.0
ZGN,income_statement,2022-12-31,Interest Income,1727000.0
ZGN,income_statement,2022-12-31,Normalized Income,71142364.0
ZGN,income_statement,2022-12-31,Net Income From Continuing And Discontinued Operation,51482000.0
ZGN,income_statement,2022-12-31,Total Expenses,1345063000.0
ZGN,income_statement,2022-12-31,Rent Expense Supplemental,61730000.0
ZGN,income_statement,2022-12-31,Total Operating Income As Reported,147777000.0
ZGN,income_statement,2022-12-31,Diluted Average Shares,240647513.0
ZGN,income_statement,2022-12-31,Basic Average Shares,237545736.0
ZGN,income_statement,2022-12-31,Diluted EPS,0.21
ZGN,income_statement,2022-12-31,Basic EPS,0.22
ZGN,income_statement,2022-12-31,Diluted NI Availto Com Stockholders,51482000.0
ZGN,income_statement,2022-12-31,Net Income Common Stockholders,51482000.0
ZGN,income_statement,2022-12-31,Net Income,51482000.0
ZGN,income_statement,2022-12-31,Minority Interests,-13797000.0
ZGN,income_statement,2022-12-31,Net Income Including Noncontrolling Interests,65279000.0
ZGN,income_statement,2022-12-31,Net Income Continuous Operations,65279000.0
ZGN,income_statement,2022-12-31,Tax Provision,35802000.0
ZGN,income_statement,2022-12-31,Pretax Income,101081000.0
ZGN,income_statement,2022-12-31,Other Income Expense,-28235000.0
ZGN,income_statement,2022-12-31,Special Income Charges,350000.0
ZGN,income_statement,2022-12-31,Gain On Sale Of Ppe,1124000.0
ZGN,income_statement,2022-12-31,Other Special Charges,-895000.0
ZGN,income_statement,2022-12-31,Write Off,30000.0
ZGN,income_statement,2022-12-31,Impairment Of Capital Assets,1639000.0
ZGN,income_statement,2022-12-31,Restructuring And Mergern Acquisition,0.0
ZGN,income_statement,2022-12-31,Earnings From Equity Interest,2199000.0
ZGN,income_statement,2022-12-31,Gain On Sale Of Security,-30434000.0
ZGN,income_statement,2022-12-31,Net Non Operating Interest Income Expense,-18461000.0
ZGN,income_statement,2022-12-31,Total Other Finance Cost,4165000.0
ZGN,income_statement,2022-12-31,Interest Expense Non Operating,16023000.0
ZGN,income_statement,2022-12-31,Interest Income Non Operating,1727000.0
ZGN,income_statement,2022-12-31,Operating Income,147777000.0
ZGN,income_statement,2022-12-31,Operating Expense,780231000.0
ZGN,income_statement,2022-12-31,Other Operating Expenses,11430000.0
ZGN,income_statement,2022-12-31,Other Taxes,4694000.0
ZGN,income_statement,2022-12-31,Depreciation Amortization Depletion Income Statement,171882000.0
ZGN,income_statement,2022-12-31,Depreciation And Amortization In Income Statement,171882000.0
ZGN,income_statement,2022-12-31,Amortization,12383000.0
ZGN,income_statement,2022-12-31,Amortization Of Intangibles Income Statement,12383000.0
ZGN,income_statement,2022-12-31,Depreciation Income Statement,159499000.0
ZGN,income_statement,2022-12-31,Selling General And Administration,780231000.0
ZGN,income_statement,2022-12-31,Selling And Marketing Expense,85147000.0
ZGN,income_statement,2022-12-31,General And Administrative Expense,695084000.0
ZGN,income_statement,2022-12-31,Other Gand A,695084000.0
ZGN,income_statement,2022-12-31,Salaries And Wages,395087000.0
ZGN,income_statement,2022-12-31,Gross Profit,928008000.0
ZGN,income_statement,2022-12-31,Cost Of Revenue,564832000.0
ZGN,income_statement,2022-12-31,Total Revenue,1492840000.0
ZGN,income_statement,2022-12-31,Operating Revenue,1492840000.0
BC.MI,income_statement,2025-12-31,Tax Effect Of Unusual Items,-5863170.914362
BC.MI,income_statement,2025-12-31,Tax Rate For Calcs,0.285396
BC.MI,income_statement,2025-12-31,Normalized EBITDA,440098000.0
BC.MI,income_statement,2025-12-31,Total Unusual Items,-20544000.0
BC.MI,income_statement,2025-12-31,Total Unusual Items Excluding Goodwill,-20544000.0
BC.MI,income_statement,2025-12-31,Net Income From Continuing Operation Net Minority Interest,135034000.0
BC.MI,income_statement,2025-12-31,Reconciled Depreciation,180612000.0
BC.MI,income_statement,2025-12-31,Reconciled Cost Of Revenue,119364000.0
BC.MI,income_statement,2025-12-31,EBITDA,419554000.0
BC.MI,income_statement,2025-12-31,EBIT,238942000.0
BC.MI,income_statement,2025-12-31,Net Interest Income,-36611000.0
BC.MI,income_statement,2025-12-31,Interest Expense,40246000.0
BC.MI,income_statement,2025-12-31,Interest Income,3899000.0
BC.MI,income_statement,2025-12-31,Normalized Income,149714829.085638
BC.MI,income_statement,2025-12-31,Net Income From Continuing And Discontinued Operation,135034000.0
BC.MI,income_statement,2025-12-31,Total Expenses,1165594000.0
BC.MI,income_statement,2025-12-31,Rent Expense Supplemental,68282000.0
BC.MI,income_statement,2025-12-31,Total Operating Income As Reported,227784000.0
BC.MI,income_statement,2025-12-31,Diluted Average Shares,67975837.0
BC.MI,income_statement,2025-12-31,Basic Average Shares,67975837.0
BC.MI,income_statement,2025-12-31,Diluted EPS,1.9865
BC.MI,income_statement,2025-12-31,Basic EPS,1.9865
BC.MI,income_statement,2025-12-31,Diluted NI Availto Com Stockholders,135034000.0
BC.MI,income_statement,2025-12-31,Net Income Common Stockholders,135034000.0
BC.MI,income_statement,2025-12-31,Otherunder Preferred Stock Dividend,0.0
BC.MI,income_statement,2025-12-31,Net Income,135034000.0
BC.MI,income_statement,2025-12-31,Minority Interests,-6955000.0
BC.MI,income_statement,2025-12-31,Net Income Including Noncontrolling Interests,141989000.0
BC.MI,income_statement,2025-12-31,Net Income Continuous Operations,141989000.0
BC.MI,income_statement,2025-12-31,Tax Provision,56707000.0
BC.MI,income_statement,2025-12-31,Pretax Income,198696000.0
BC.MI,income_statement,2025-12-31,Other Non Operating Income Expenses,5404000.0
BC.MI,income_statement,2025-12-31,Special Income Charges,-14573000.0
BC.MI,income_statement,2025-12-31,Write Off,8877000.0
BC.MI,income_statement,2025-12-31,Restructuring And Mergern Acquisition,5696000.0
BC.MI,income_statement,2025-12-31,Net Non Operating Interest Income Expense,-36611000.0
BC.MI,income_statement,2025-12-31,Total Other Finance Cost,264000.0
BC.MI,income_statement,2025-12-31,Interest Expense Non Operating,40246000.0
BC.MI,income_statement,2025-12-31,Interest Income Non Operating,3899000.0
BC.MI,income_statement,2025-12-31,Operating Income,242357000.0
BC.MI,income_statement,2025-12-31,Operating Expense,1046230000.0
BC.MI,income_statement,2025-12-31,Other Operating Expenses,416855000.0
BC.MI,income_statement,2025-12-31,Depreciation And Amortization In Income Statement,180612000.0
BC.MI,income_statement,2025-12-31,Amortization,6796000.0
BC.MI,income_statement,2025-12-31,Depreciation Income Statement,173816000.0
BC.MI,income_statement,2025-12-31,Selling General And Administration,128809000.0
BC.MI,income_statement,2025-12-31,Selling And Marketing Expense,96853000.0
BC.MI,income_statement,2025-12-31,General And Administrative Expense,31956000.0
BC.MI,income_statement,2025-12-31,Rent And Landing Fees,68282000.0
BC.MI,income_statement,2025-12-31,Gross Profit,1288587000.0
BC.MI,income_statement,2025-12-31,Cost Of Revenue,119364000.0
BC.MI,income_statement,2025-12-31,Total Revenue,1407951000.0
BC.MI,income_statement,2025-12-31,Operating Revenue,1407951000.0
BC.MI,income_statement,2024-12-31,Tax Effect Of Unusual Items,-2769288.504871
BC.MI,income_statement,2024-12-31,Tax Rate For Calcs,0.284994
BC.MI,income_statement,2024-12-31,Normalized EBITDA,371419000.0
BC.MI,income_statement,2024-12-31,Total Unusual Items,-9717000.0
BC.MI,income_statement,2024-12-31,Total Unusual Items Excluding Goodwill,-9717000.0
BC.MI,income_statement,2024-12-31,Net Income From Continuing Operation Net Minority Interest,119478000.0
BC.MI,income_statement,2024-12-31,Reconciled Depreciation,153004000.0
BC.MI,income_statement,2024-12-31,Reconciled Cost Of Revenue,99383000.0
BC.MI,income_statement,2024-12-31,EBITDA,361702000.0
BC.MI,income_statement,2024-12-31,EBIT,208698000.0
BC.MI,income_statement,2024-12-31,Net Interest Income,-25231000.0
BC.MI,income_statement,2024-12-31,Interest Expense,28961000.0
BC.MI,income_statement,2024-12-31,Interest Income,1603000.0
BC.MI,income_statement,2024-12-31,Normalized Income,126425711.495129
BC.MI,income_statement,2024-12-31,Net Income From Continuing And Discontinued Operation,119478000.0
BC.MI,income_statement,2024-12-31,Total Expenses,1058880000.0
BC.MI,income_statement,2024-12-31,Rent Expense Supplemental,61582000.0
BC.MI,income_statement,2024-12-31,Total Operating Income As Reported,211671000.0
BC.MI,income_statement,2024-12-31,Diluted Average Shares,67996131.0
BC.MI,income_statement,2024-12-31,Basic Average Shares,67996131.0
BC.MI,income_statement,2024-12-31,Diluted EPS,1.75713
BC.MI,income_statement,2024-12-31,Diluted NI Availto Com Stockholders,119478000.0
BC.MI,income_statement,2024-12-31,Net Income Common Stockholders,119478000.0
BC.MI,income_statement,2024-12-31,Otherunder Preferred Stock Dividend,0.0
BC.MI,income_statement,2024-12-31,Net Income,119478000.0
BC.MI,income_statement,2024-12-31,Minority Interests,-9035000.0
BC.MI,income_statement,2024-12-31,Net Income Including Noncontrolling Interests,128513000.0
BC.MI,income_statement,2024-12-31,Net Income Continuous Operations,128513000.0
BC.MI,income_statement,2024-12-31,Tax Provision,51224000.0
BC.MI,income_statement,2024-12-31,Pretax Income,179737000.0
BC.MI,income_statement,2024-12-31,Other Non Operating Income Expenses,3271000.0
BC.MI,income_statement,2024-12-31,Special Income Charges,-7989000.0
BC.MI,income_statement,2024-12-31,Write Off,2821000.0
BC.MI,income_statement,2024-12-31,Restructuring And Mergern Acquisition,5168000.0
BC.MI,income_statement,2024-12-31,Net Non Operating Interest Income Expense,-25231000.0
BC.MI,income_statement,2024-12-31,Total Other Finance Cost,-2127000.0
BC.MI,income_statement,2024-12-31,Interest Expense Non Operating,28961000.0
BC.MI,income_statement,2024-12-31,Interest Income Non Operating,1603000.0
BC.MI,income_statement,2024-12-31,Operating Income,219660000.0
BC.MI,income_statement,2024-12-31,Operating Expense,959497000.0
BC.MI,income_statement,2024-12-31,Other Operating Expenses,398069000.0
BC.MI,income_statement,2024-12-31,Depreciation And Amortization In Income Statement,153004000.0
BC.MI,income_statement,2024-12-31,Amortization,6572000.0
BC.MI,income_statement,2024-12-31,Depreciation Income Statement,146432000.0
BC.MI,income_statement,2024-12-31,Selling General And Administration,121960000.0
BC.MI,income_statement,2024-12-31,Selling And Marketing Expense,92348000.0
BC.MI,income_statement,2024-12-31,General And Administrative Expense,29612000.0
BC.MI,income_statement,2024-12-31,Rent And Landing Fees,61582000.0
BC.MI,income_statement,2024-12-31,Gross Profit,1179157000.0
BC.MI,income_statement,2024-12-31,Cost Of Revenue,99383000.0
BC.MI,income_statement,2024-12-31,Total Revenue,1278540000.0
BC.MI,income_statement,2024-12-31,Operating Revenue,1278540000.0
BC.MI,income_statement,2023-12-31,Tax Effect Of Unusual Items,-5669258.167427
BC.MI,income_statement,2023-12-31,Tax Rate For Calcs,0.2857
BC.MI,income_statement,2023-12-31,Normalized EBITDA,350398000.0
BC.MI,income_statement,2023-12-31,Total Unusual Items,-19840000.0
BC.MI,income_statement,2023-12-31,Total Unusual Items Excluding Goodwill,-19840000.0
BC.MI,income_statement,2023-12-31,Net Income From Continuing Operation Net Minority Interest,114617000.0
BC.MI,income_statement,2023-12-31,Reconciled Depreciation,138845000.0
BC.MI,income_statement,2023-12-31,Reconciled Cost Of Revenue,111911000.0
BC.MI,income_statement,2023-12-31,EBITDA,330558000.0
BC.MI,income_statement,2023-12-31,EBIT,191713000.0
BC.MI,income_statement,2023-12-31,Net Interest Income,-17926000.0
BC.MI,income_statement,2023-12-31,Interest Expense,18372000.0
BC.MI,income_statement,2023-12-31,Interest Income,749000.0
BC.MI,income_statement,2023-12-31,Normalized Income,128787741.832573
BC.MI,income_statement,2023-12-31,Net Income From Continuing And Discontinued Operation,114617000.0
BC.MI,income_statement,2023-12-31,Total Expenses,936435000.0
BC.MI,income_statement,2023-12-31,Rent Expense Supplemental,50598000.0
BC.MI,income_statement,2023-12-31,Total Operating Income As Reported,187406000.0
BC.MI,income_statement,2023-12-31,Diluted Average Shares,67991109.0
BC.MI,income_statement,2023-12-31,Basic Average Shares,67991292.0
BC.MI,income_statement,2023-12-31,Diluted EPS,1.68576
BC.MI,income_statement,2023-12-31,Basic EPS,1.68576
BC.MI,income_statement,2023-12-31,Diluted NI Availto Com Stockholders,114617000.0
BC.MI,income_statement,2023-12-31,Net Income Common Stockholders,114617000.0
BC.MI,income_statement,2023-12-31,Otherunder Preferred Stock Dividend,0.0
BC.MI,income_statement,2023-12-31,Net Income,114617000.0
BC.MI,income_statement,2023-12-31,Minority Interests,-9192000.0
BC.MI,income_statement,2023-12-31,Net Income Including Noncontrolling Interests,123809000.0
BC.MI,income_statement,2023-12-31,Net Income Continuous Operations,123809000.0
BC.MI,income_statement,2023-12-31,Tax Provision,49532000.0
BC.MI,income_statement,2023-12-31,Pretax Income,173341000.0
BC.MI,income_statement,2023-12-31,Special Income Charges,-15579000.0
BC.MI,income_statement,2023-12-31,Write Off,11320000.0
BC.MI,income_statement,2023-12-31,Impairment Of Capital Assets,11320000.0
BC.MI,income_statement,2023-12-31,Restructuring And Mergern Acquisition,4259000.0
BC.MI,income_statement,2023-12-31,Net Non Operating Interest Income Expense,-17926000.0
BC.MI,income_statement,2023-12-31,Total Other Finance Cost,303000.0
BC.MI,income_statement,2023-12-31,Interest Expense Non Operating,18372000.0
BC.MI,income_statement,2023-12-31,Interest Income Non Operating,749000.0
BC.MI,income_statement,2023-12-31,Operating Income,202985000.0
BC.MI,income_statement,2023-12-31,Operating Expense,824524000.0
BC.MI,income_statement,2023-12-31,Other Operating Expenses,338816000.0
BC.MI,income_statement,2023-12-31,Depreciation And Amortization In Income Statement,138845000.0
BC.MI,income_statement,2023-12-31,Amortization,6836000.0
BC.MI,income_statement,2023-12-31,Depreciation Income Statement,132009000.0
BC.MI,income_statement,2023-12-31,Selling General And Administration,103447000.0
BC.MI,income_statement,2023-12-31,Selling And Marketing Expense,78938000.0
BC.MI,income_statement,2023-12-31,General And Administrative Expense,24509000.0
BC.MI,income_statement,2023-12-31,Rent And Landing Fees,50598000.0
BC.MI,income_statement,2023-12-31,Gross Profit,1027509000.0
BC.MI,income_statement,2023-12-31,Cost Of Revenue,111911000.0
BC.MI,income_statement,2023-12-31,Total Revenue,1139420000.0
BC.MI,income_statement,2023-12-31,Operating Revenue,1139420000.0
BC.MI,income_statement,2022-12-31,Tax Effect Of Unusual Items,-5431287.0
BC.MI,income_statement,2022-12-31,Tax Rate For Calcs,0.2965
BC.MI,income_statement,2022-12-31,Normalized EBITDA,288370000.0
BC.MI,income_statement,2022-12-31,Total Unusual Items,-18318000.0
BC.MI,income_statement,2022-12-31,Total Unusual Items Excluding Goodwill,-18318000.0
BC.MI,income_statement,2022-12-31,Net Income From Continuing Operation Net Minority Interest,80599000.0
BC.MI,income_statement,2022-12-31,Reconciled Depreciation,131945000.0
BC.MI,income_statement,2022-12-31,Reconciled Cost Of Revenue,97885000.0
BC.MI,income_statement,2022-12-31,EBITDA,270052000.0
BC.MI,income_statement,2022-12-31,EBIT,138107000.0
BC.MI,income_statement,2022-12-31,Net Interest Income,-14800000.0
BC.MI,income_statement,2022-12-31,Interest Expense,14140000.0
BC.MI,income_statement,2022-12-31,Interest Income,193000.0
BC.MI,income_statement,2022-12-31,Normalized Income,93485713.0
BC.MI,income_statement,2022-12-31,Net Income From Continuing And Discontinued Operation,80599000.0
BC.MI,income_statement,2022-12-31,Total Expenses,773093000.0
BC.MI,income_statement,2022-12-31,Rent Expense Supplemental,38561000.0
BC.MI,income_statement,2022-12-31,Total Operating Income As Reported,134412000.0
BC.MI,income_statement,2022-12-31,Diluted Average Shares,68000000.0
BC.MI,income_statement,2022-12-31,Basic Average Shares,68000000.0
BC.MI,income_statement,2022-12-31,Diluted EPS,1.18528
BC.MI,income_statement,2022-12-31,Basic EPS,1.18528
BC.MI,income_statement,2022-12-31,Diluted NI Availto Com Stockholders,80599000.0
BC.MI,income_statement,2022-12-31,Net Income Common Stockholders,80599000.0
BC.MI,income_statement,2022-12-31,Otherunder Preferred Stock Dividend,0.0
BC.MI,income_statement,2022-12-31,Net Income,80599000.0
BC.MI,income_statement,2022-12-31,Minority Interests,-6606000.0
BC.MI,income_statement,2022-12-31,Net Income Including Noncontrolling Interests,87205000.0
BC.MI,income_statement,2022-12-31,Net Income Continuous Operations,87205000.0
BC.MI,income_statement,2022-12-31,Tax Provision,36762000.0
BC.MI,income_statement,2022-12-31,Pretax Income,123967000.0
BC.MI,income_statement,2022-12-31,Special Income Charges,-12203000.0
BC.MI,income_statement,2022-12-31,Write Off,8486000.0
BC.MI,income_statement,2022-12-31,Impairment Of Capital Assets,8486000.0
BC.MI,income_statement,2022-12-31,Restructuring And Mergern Acquisition,3717000.0
BC.MI,income_statement,2022-12-31,Net Non Operating Interest Income Expense,-14800000.0
BC.MI,income_statement,2022-12-31,Total Other Finance Cost,1094000.0
BC.MI,income_statement,2022-12-31,Interest Expense Non Operating,14140000.0
BC.MI,income_statement,2022-12-31,Interest Income Non Operating,193000.0
BC.MI,income_statement,2022-12-31,Operating Income,146615000.0
BC.MI,income_statement,2022-12-31,Operating Expense,675208000.0
BC.MI,income_statement,2022-12-31,Other Operating Expenses,281325000.0
BC.MI,income_statement,2022-12-31,Depreciation And Amortization In Income Statement,131945000.0
BC.MI,income_statement,2022-12-31,Amortization,6636000.0
BC.MI,income_statement,2022-12-31,Depreciation Income Statement,125309000.0
BC.MI,income_statement,2022-12-31,Selling General And Administration,71482000.0
BC.MI,income_statement,2022-12-31,Selling And Marketing Expense,52201000.0
BC.MI,income_statement,2022-12-31,General And Administrative Expense,19281000.0
BC.MI,income_statement,2022-12-31,Rent And Landing Fees,38561000.0
BC.MI,income_statement,2022-12-31,Gross Profit,821823000.0
BC.MI,income_statement,2022-12-31,Cost Of Revenue,97885000.0
BC.MI,income_statement,2022-12-31,Total Revenue,919708000.0
BC.MI,income_statement,2022-12-31,Operating Revenue,919708000.0
MONC.MI,income_statement,2025-12-31,Tax Effect Of Unusual Items,0.0
MONC.MI,income_statement,2025-12-31,Tax Rate For Calcs,0.293634
MONC.MI,income_statement,2025-12-31,Normalized EBITDA,1266661000.0
MONC.MI,income_statement,2025-12-31,Net Income From Continuing Operation Net Minority Interest,626670000.0
MONC.MI,income_statement,2025-12-31,Reconciled Depreciation,336684000.0
MONC.MI,income_statement,2025-12-31,Reconciled Cost Of Revenue,685931000.0
MONC.MI,income_statement,2025-12-31,EBITDA,1266661000.0
MONC.MI,income_statement,2025-12-31,EBIT,929977000.0
MONC.MI,income_statement,2025-12-31,Net Interest Income,-16991000.0
MONC.MI,income_statement,2025-12-31,Interest Expense,42805000.0
MONC.MI,income_statement,2025-12-31,Interest Income,25814000.0
MONC.MI,income_statement,2025-12-31,Normalized Income,626670000.0
MONC.MI,income_statement,2025-12-31,Net Income From Continuing And Discontinued Operation,626670000.0
MONC.MI,income_statement,2025-12-31,Total Expenses,2218772000.0
MONC.MI,income_statement,2025-12-31,Rent Expense Supplemental,276700000.0
MONC.MI,income_statement,2025-12-31,Total Operating Income As Reported,913356.0
MONC.MI,income_statement,2025-12-31,Diluted Average Shares,271598300.0
MONC.MI,income_statement,2025-12-31,Basic Average Shares,271598300.0
MONC.MI,income_statement,2025-12-31,Diluted EPS,2.307341
MONC.MI,income_statement,2025-12-31,Basic EPS,2.307341
MONC.MI,income_statement,2025-12-31,Diluted NI Availto Com Stockholders,626670000.0
MONC.MI,income_statement,2025-12-31,Net Income Common Stockholders,626670000.0
MONC.MI,income_statement,2025-12-31,Otherunder Preferred Stock Dividend,0.0
MONC.MI,income_statement,2025-12-31,Net Income,626670000.0
MONC.MI,income_statement,2025-12-31,Minority Interests,2000.0
MONC.MI,income_statement,2025-12-31,Net Income Including Noncontrolling Interests,626668000.0
MONC.MI,income_statement,2025-12-31,Net Income Continuous Operations,626668000.0
MONC.MI,income_statement,2025-12-31,Tax Provision,260504000.0
MONC.MI,income_statement,2025-12-31,Pretax Income,887172000.0
MONC.MI,income_statement,2025-12-31,Net Non Operating Interest Income Expense,-16991000.0
MONC.MI,income_statement,2025-12-31,Interest Expense Non Operating,42805000.0
MONC.MI,income_statement,2025-12-31,Interest Income Non Operating,25814000.0
MONC.MI,income_statement,2025-12-31,Operating Income,913356000.0
MONC.MI,income_statement,2025-12-31,Operating Expense,1532841000.0
MONC.MI,income_statement,2025-12-31,Depreciation And Amortization In Income Statement,277500000.0
MONC.MI,income_statement,2025-12-31,Depreciation Income Statement,277500000.0
MONC.MI,income_statement,2025-12-31,Selling General And Administration,703441000.0
MONC.MI,income_statement,2025-12-31,Selling And Marketing Expense,374109000.0
MONC.MI,income_statement,2025-12-31,General And Administrative Expense,329332000.0
MONC.MI,income_statement,2025-12-31,Rent And Landing Fees,276700000.0
MONC.MI,income_statement,2025-12-31,Gross Profit,2446197000.0
MONC.MI,income_statement,2025-12-31,Cost Of Revenue,685931000.0
MONC.MI,income_statement,2025-12-31,Total Revenue,3132128000.0
MONC.MI,income_statement,2025-12-31,Operating Revenue,3132128000.0
MONC.MI,income_statement,2024-12-31,Tax Effect Of Unusual Items,2227497.749528
MONC.MI,income_statement,2024-12-31,Tax Rate For Calcs,0.297
MONC.MI,income_statement,2024-12-31,Normalized EBITDA,1242930000.0
MONC.MI,income_statement,2024-12-31,Total Unusual Items,-7500000.0
MONC.MI,income_statement,2024-12-31,Total Unusual Items Excluding Goodwill,-7500000.0
MONC.MI,income_statement,2024-12-31,Net Income From Continuing Operation Net Minority Interest,639596000.0
MONC.MI,income_statement,2024-12-31,Reconciled Depreciation,306844000.0
MONC.MI,income_statement,2024-12-31,Reconciled Cost Of Revenue,682367000.0
MONC.MI,income_statement,2024-12-31,EBITDA,1250430000.0
MONC.MI,income_statement,2024-12-31,EBIT,943586000.0
MONC.MI,income_statement,2024-12-31,Net Interest Income,-4812000.0
MONC.MI,income_statement,2024-12-31,Interest Expense,33777000.0
MONC.MI,income_statement,2024-12-31,Interest Income,28965000.0
MONC.MI,income_statement,2024-12-31,Normalized Income,634323497.749528
MONC.MI,income_statement,2024-12-31,Net Income From Continuing And Discontinued Operation,639596000.0
MONC.MI,income_statement,2024-12-31,Total Expenses,2185100000.0
MONC.MI,income_statement,2024-12-31,Rent Expense Supplemental,283400000.0
MONC.MI,income_statement,2024-12-31,Total Operating Income As Reported,916324000.0
MONC.MI,income_statement,2024-12-31,Diluted Average Shares,270606444.0
MONC.MI,income_statement,2024-12-31,Basic Average Shares,270606444.0
MONC.MI,income_statement,2024-12-31,Diluted EPS,2.363565
MONC.MI,income_statement,2024-12-31,Basic EPS,2.363565
MONC.MI,income_statement,2024-12-31,Diluted NI Availto Com Stockholders,639596000.0
MONC.MI,income_statement,2024-12-31,Net Income Common Stockholders,639596000.0
MONC.MI,income_statement,2024-12-31,Otherunder Preferred Stock Dividend,0.0
MONC.MI,income_statement,2024-12-31,Net Income,639596000.0
MONC.MI,income_statement,2024-12-31,Minority Interests,0.0
MONC.MI,income_statement,2024-12-31,Net Income Including Noncontrolling Interests,639596000.0
MONC.MI,income_statement,2024-12-31,Net Income Continuous Operations,639596000.0
MONC.MI,income_statement,2024-12-31,Tax Provision,270213000.0
MONC.MI,income_statement,2024-12-31,Pretax Income,909809000.0
MONC.MI,income_statement,2024-12-31,Special Income Charges,-7500000.0
MONC.MI,income_statement,2024-12-31,Other Special Charges,7500000.0
MONC.MI,income_statement,2024-12-31,Net Non Operating Interest Income Expense,-4812000.0
MONC.MI,income_statement,2024-12-31,Interest Expense Non Operating,33777000.0
MONC.MI,income_statement,2024-12-31,Interest Income Non Operating,28965000.0
MONC.MI,income_statement,2024-12-31,Operating Income,908824000.0
MONC.MI,income_statement,2024-12-31,Operating Expense,1502733000.0
MONC.MI,income_statement,2024-12-31,Depreciation And Amortization In Income Statement,253500000.0
MONC.MI,income_statement,2024-12-31,Depreciation Income Statement,253500000.0
MONC.MI,income_statement,2024-12-31,Selling General And Administration,729033000.0
MONC.MI,income_statement,2024-12-31,Selling And Marketing Expense,384877000.0
MONC.MI,income_statement,2024-12-31,General And Administrative Expense,319556000.0
MONC.MI,income_statement,2024-12-31,Rent And Landing Fees,283400000.0
MONC.MI,income_statement,2024-12-31,Gross Profit,2426557000.0
MONC.MI,income_statement,2024-12-31,Cost Of Revenue,682367000.0
MONC.MI,income_statement,2024-12-31,Total Revenue,3108924000.0
MONC.MI,income_statement,2024-12-31,Operating Revenue,3108924000.0
MONC.MI,income_statement,2023-12-31,Tax Effect Of Unusual Items,0.0
MONC.MI,income_statement,2023-12-31,Tax Rate For Calcs,0.297
MONC.MI,income_statement,2023-12-31,Normalized EBITDA,1194670000.0
MONC.MI,income_statement,2023-12-31,Net Income From Continuing Operation Net Minority Interest,611931000.0
MONC.MI,income_statement,2023-12-31,Reconciled Depreciation,291700000.0
MONC.MI,income_statement,2023-12-31,Reconciled Cost Of Revenue,683387000.0
MONC.MI,income_statement,2023-12-31,EBITDA,1194670000.0
MONC.MI,income_statement,2023-12-31,EBIT,902970000.0
MONC.MI,income_statement,2023-12-31,Net Interest Income,-20994000.0
MONC.MI,income_statement,2023-12-31,Interest Expense,32335000.0
MONC.MI,income_statement,2023-12-31,Interest Income,11341000.0
MONC.MI,income_statement,2023-12-31,Normalized Income,611931000.0
MONC.MI,income_statement,2023-12-31,Net Income From Continuing And Discontinued Operation,611931000.0
MONC.MI,income_statement,2023-12-31,Total Expenses,2090378000.0
MONC.MI,income_statement,2023-12-31,Rent Expense Supplemental,247300000.0
MONC.MI,income_statement,2023-12-31,Total Operating Income As Reported,893839000.0
MONC.MI,income_statement,2023-12-31,Diluted Average Shares,270136798.0
MONC.MI,income_statement,2023-12-31,Basic Average Shares,270136798.0
MONC.MI,income_statement,2023-12-31,Diluted EPS,2.265263
MONC.MI,income_statement,2023-12-31,Basic EPS,2.265263
MONC.MI,income_statement,2023-12-31,Diluted NI Availto Com Stockholders,611931000.0
MONC.MI,income_statement,2023-12-31,Net Income Common Stockholders,611931000.0
MONC.MI,income_statement,2023-12-31,Otherunder Preferred Stock Dividend,0.0
MONC.MI,income_statement,2023-12-31,Net Income,611931000.0
MONC.MI,income_statement,2023-12-31,Minority Interests,29000.0
MONC.MI,income_statement,2023-12-31,Net Income Including Noncontrolling Interests,611902000.0
MONC.MI,income_statement,2023-12-31,Net Income Continuous Operations,611902000.0
MONC.MI,income_statement,2023-12-31,Tax Provision,258733000.0
MONC.MI,income_statement,2023-12-31,Pretax Income,870635000.0
MONC.MI,income_statement,2023-12-31,Net Non Operating Interest Income Expense,-20994000.0
MONC.MI,income_statement,2023-12-31,Interest Expense Non Operating,32335000.0
MONC.MI,income_statement,2023-12-31,Interest Income Non Operating,11341000.0
MONC.MI,income_statement,2023-12-31,Operating Income,893839000.0
MONC.MI,income_statement,2023-12-31,Operating Expense,1406991000.0
MONC.MI,income_statement,2023-12-31,Depreciation And Amortization In Income Statement,242500000.0
MONC.MI,income_statement,2023-12-31,Depreciation Income Statement,242500000.0
MONC.MI,income_statement,2023-12-31,Selling General And Administration,693191000.0
MONC.MI,income_statement,2023-12-31,Selling And Marketing Expense,361960000.0
MONC.MI,income_statement,2023-12-31,General And Administrative Expense,297431000.0
MONC.MI,income_statement,2023-12-31,Rent And Landing Fees,247300000.0
MONC.MI,income_statement,2023-12-31,Gross Profit,2300830000.0
MONC.MI,income_statement,2023-12-31,Cost Of Revenue,683387000.0
MONC.MI,income_statement,2023-12-31,Total Revenue,2984217000.0
MONC.MI,income_statement,2023-12-31,Operating Revenue,2984217000.0
MONC.MI,income_statement,2022-12-31,Tax Effect Of Unusual Items,0.0
MONC.MI,income_statement,2022-12-31,Tax Rate For Calcs,0.188
MONC.MI,income_statement,2022-12-31,Normalized EBITDA,1038521000.0
MONC.MI,income_statement,2022-12-31,Net Income From Continuing Operation Net Minority Interest,606697000.0
MONC.MI,income_statement,2022-12-31,Reconciled Depreciation,264917000.0
MONC.MI,income_statement,2022-12-31,Reconciled Cost Of Revenue,615047000.0
MONC.MI,income_statement,2022-12-31,EBITDA,1038521000.0
MONC.MI,income_statement,2022-12-31,EBIT,773604000.0
MONC.MI,income_statement,2022-12-31,Net Interest Income,-22736000.0
MONC.MI,income_statement,2022-12-31,Interest Expense,26273000.0
MONC.MI,income_statement,2022-12-31,Interest Income,3537000.0
MONC.MI,income_statement,2022-12-31,Normalized Income,606697000.0
MONC.MI,income_statement,2022-12-31,Net Income From Continuing And Discontinued Operation,606697000.0
MONC.MI,income_statement,2022-12-31,Total Expenses,1828343000.0
MONC.MI,income_statement,2022-12-31,Rent Expense Supplemental,195400000.0
MONC.MI,income_statement,2022-12-31,Total Operating Income As Reported,774547000.0
MONC.MI,income_statement,2022-12-31,Diluted Average Shares,270846875.0
MONC.MI,income_statement,2022-12-31,Basic Average Shares,268974283.0
MONC.MI,income_statement,2022-12-31,Diluted EPS,2.24
MONC.MI,income_statement,2022-12-31,Basic EPS,2.26
MONC.MI,income_statement,2022-12-31,Diluted NI Availto Com Stockholders,606697000.0
MONC.MI,income_statement,2022-12-31,Net Income Common Stockholders,606697000.0
MONC.MI,income_statement,2022-12-31,Otherunder Preferred Stock Dividend,0.0
MONC.MI,income_statement,2022-12-31,Net Income,606697000.0
MONC.MI,income_statement,2022-12-31,Minority Interests,-9000.0
MONC.MI,income_statement,2022-12-31,Net Income Including Noncontrolling Interests,606706000.0
MONC.MI,income_statement,2022-12-31,Net Income Continuous Operations,606706000.0
MONC.MI,income_statement,2022-12-31,Tax Provision,140625000.0
MONC.MI,income_statement,2022-12-31,Pretax Income,747331000.0
MONC.MI,income_statement,2022-12-31,Net Non Operating Interest Income Expense,-22736000.0
MONC.MI,income_statement,2022-12-31,Interest Expense Non Operating,26273000.0
MONC.MI,income_statement,2022-12-31,Interest Income Non Operating,3537000.0
MONC.MI,income_statement,2022-12-31,Operating Income,774547000.0
MONC.MI,income_statement,2022-12-31,Operating Expense,1213296000.0
MONC.MI,income_statement,2022-12-31,Depreciation And Amortization In Income Statement,224500000.0
MONC.MI,income_statement,2022-12-31,Selling General And Administration,1213296000.0
MONC.MI,income_statement,2022-12-31,Selling And Marketing Expense,929329000.0
MONC.MI,income_statement,2022-12-31,General And Administrative Expense,283967000.0
MONC.MI,income_statement,2022-12-31,Gross Profit,1987843000.0
MONC.MI,income_statement,2022-12-31,Cost Of Revenue,615047000.0
MONC.MI,income_statement,2022-12-31,Total Revenue,2602890000.0
MONC.MI,income_statement,2022-12-31,Operating Revenue,2602890000.0
1913.HK,income_statement,2025-12-31,Tax Effect Of Unusual Items,0.0
1913.HK,income_statement,2025-12-31,Tax Rate For Calcs,0.288326
1913.HK,income_statement,2025-12-31,Normalized EBITDA,2120396000.0
1913.HK,income_statement,2025-12-31,Net Income From Continuing Operation Net Minority Interest,851936000.0
1913.HK,income_statement,2025-12-31,Reconciled Depreciation,815098000.0
1913.HK,income_statement,2025-12-31,Reconciled Cost Of Revenue,1125444000.0
1913.HK,income_statement,2025-12-31,EBITDA,2120396000.0
1913.HK,income_statement,2025-12-31,EBIT,1305298000.0
1913.HK,income_statement,2025-12-31,Net Interest Income,-90525000.0
1913.HK,income_statement,2025-12-31,Interest Expense,104014000.0
1913.HK,income_statement,2025-12-31,Interest Income,24539000.0
1913.HK,income_statement,2025-12-31,Normalized Income,851936000.0
1913.HK,income_statement,2025-12-31,Net Income From Continuing And Discontinued Operation,851936000.0
1913.HK,income_statement,2025-12-31,Total Expenses,4418481000.0
1913.HK,income_statement,2025-12-31,Total Operating Income As Reported,1299040000.0
1913.HK,income_statement,2025-12-31,Diluted Average Shares,2558824000.0
1913.HK,income_statement,2025-12-31,Basic Average Shares,2558824000.0
1913.HK,income_statement,2025-12-31,Diluted EPS,0.333
1913.HK,income_statement,2025-12-31,Basic EPS,0.333
1913.HK,income_statement,2025-12-31,Diluted NI Availto Com Stockholders,851936000.0
1913.HK,income_statement,2025-12-31,Net Income Common Stockholders,851936000.0
1913.HK,income_statement,2025-12-31,Otherunder Preferred Stock Dividend,0.0
1913.HK,income_statement,2025-12-31,Net Income,851936000.0
1913.HK,income_statement,2025-12-31,Minority Interests,-2986000.0
1913.HK,income_statement,2025-12-31,Net Income Including Noncontrolling Interests,854922000.0
1913.HK,income_statement,2025-12-31,Net Income Continuous Operations,854922000.0
1913.HK,income_statement,2025-12-31,Tax Provision,346362000.0
1913.HK,income_statement,2025-12-31,Pretax Income,1201284000.0
1913.HK,income_statement,2025-12-31,Net Non Operating Interest Income Expense,-90525000.0
1913.HK,income_statement,2025-12-31,Total Other Finance Cost,11050000.0
1913.HK,income_statement,2025-12-31,Interest Expense Non Operating,104014000.0
1913.HK,income_statement,2025-12-31,Interest Income Non Operating,24539000.0
1913.HK,income_statement,2025-12-31,Operating Income,1299040000.0
1913.HK,income_statement,2025-12-31,Operating Expense,3293037000.0
1913.HK,income_statement,2025-12-31,Research And Development,160261000.0
1913.HK,income_statement,2025-12-31,Selling General And Administration,3132776000.0
1913.HK,income_statement,2025-12-31,Selling And Marketing Expense,2743388000.0
1913.HK,income_statement,2025-12-31,General And Administrative Expense,389388000.0
1913.HK,income_statement,2025-12-31,Gross Profit,4592077000.0
1913.HK,income_statement,2025-12-31,Cost Of Revenue,1125444000.0
1913.HK,income_statement,2025-12-31,Total Revenue,5717521000.0
1913.HK,income_statement,2025-12-31,Operating Revenue,5717521000.0
1913.HK,income_statement,2024-12-31,Tax Effect Of Unusual Items,0.0
1913.HK,income_statement,2024-12-31,Tax Rate For Calcs,0.290499
1913.HK,income_statement,2024-12-31,Normalized EBITDA,2013761000.0
1913.HK,income_statement,2024-12-31,Net Income From Continuing Operation Net Minority Interest,838907000.0
1913.HK,income_statement,2024-12-31,Reconciled Depreciation,734663000.0
1913.HK,income_statement,2024-12-31,Reconciled Cost Of Revenue,1094865000.0
1913.HK,income_statement,2024-12-31,EBITDA,2013761000.0
1913.HK,income_statement,2024-12-31,EBIT,1279098000.0
1913.HK,income_statement,2024-12-31,Net Interest Income,-80448000.0
1913.HK,income_statement,2024-12-31,Interest Expense,90375000.0
1913.HK,income_statement,2024-12-31,Interest Income,19206000.0
1913.HK,income_statement,2024-12-31,Normalized Income,838907000.0
1913.HK,income_statement,2024-12-31,Net Income From Continuing And Discontinued Operation,838907000.0
1913.HK,income_statement,2024-12-31,Total Expenses,4152007000.0
1913.HK,income_statement,2024-12-31,Rent Expense Supplemental,119000.0
1913.HK,income_statement,2024-12-31,Total Operating Income As Reported,1279550000.0
1913.HK,income_statement,2024-12-31,Diluted Average Shares,2558824000.0
1913.HK,income_statement,2024-12-31,Basic Average Shares,2558824000.0
1913.HK,income_statement,2024-12-31,Diluted EPS,0.328
1913.HK,income_statement,2024-12-31,Basic EPS,0.328
1913.HK,income_statement,2024-12-31,Diluted NI Availto Com Stockholders,838907000.0
1913.HK,income_statement,2024-12-31,Net Income Common Stockholders,838907000.0
1913.HK,income_statement,2024-12-31,Otherunder Preferred Stock Dividend,0.0
1913.HK,income_statement,2024-12-31,Net Income,838907000.0
1913.HK,income_statement,2024-12-31,Minority Interests,-4493000.0
1913.HK,income_statement,2024-12-31,Net Income Including Noncontrolling Interests,843400000.0
1913.HK,income_statement,2024-12-31,Net Income Continuous Operations,843400000.0
1913.HK,income_statement,2024-12-31,Tax Provision,345323000.0
1913.HK,income_statement,2024-12-31,Pretax Income,1188723000.0
1913.HK,income_statement,2024-12-31,Net Non Operating Interest Income Expense,-80448000.0
1913.HK,income_statement,2024-12-31,Total Other Finance Cost,9279000.0
1913.HK,income_statement,2024-12-31,Interest Expense Non Operating,90375000.0
1913.HK,income_statement,2024-12-31,Interest Income Non Operating,19206000.0
1913.HK,income_statement,2024-12-31,Operating Income,1279550000.0
1913.HK,income_statement,2024-12-31,Operating Expense,3057142000.0
1913.HK,income_statement,2024-12-31,Research And Development,158084000.0
1913.HK,income_statement,2024-12-31,Selling General And Administration,2899058000.0
1913.HK,income_statement,2024-12-31,Selling And Marketing Expense,2555847000.0
1913.HK,income_statement,2024-12-31,General And Administrative Expense,343211000.0
1913.HK,income_statement,2024-12-31,Gross Profit,4336692000.0
1913.HK,income_statement,2024-12-31,Cost Of Revenue,1094865000.0
1913.HK,income_statement,2024-12-31,Total Revenue,5431557000.0
1913.HK,income_statement,2024-12-31,Operating Revenue,5431557000.0
1913.HK,income_statement,2023-12-31,Tax Effect Of Unusual Items,0.0
1913.HK,income_statement,2023-12-31,Tax Rate For Calcs,0.306827
1913.HK,income_statement,2023-12-31,Normalized EBITDA,1725973000.0
1913.HK,income_statement,2023-12-31,Net Income From Continuing Operation Net Minority Interest,671026000.0
1913.HK,income_statement,2023-12-31,Reconciled Depreciation,676380000.0
1913.HK,income_statement,2023-12-31,Reconciled Cost Of Revenue,924640000.0
1913.HK,income_statement,2023-12-31,EBITDA,1725973000.0
1913.HK,income_statement,2023-12-31,EBIT,1049593000.0
1913.HK,income_statement,2023-12-31,Net Interest Income,-63549000.0
1913.HK,income_statement,2023-12-31,Interest Expense,78130000.0
1913.HK,income_statement,2023-12-31,Interest Income,26064000.0
1913.HK,income_statement,2023-12-31,Normalized Income,671026000.0
1913.HK,income_statement,2023-12-31,Net Income From Continuing And Discontinued Operation,671026000.0
1913.HK,income_statement,2023-12-31,Total Expenses,3664719000.0
1913.HK,income_statement,2023-12-31,Rent Expense Supplemental,134000.0
1913.HK,income_statement,2023-12-31,Total Operating Income As Reported,1061692000.0
1913.HK,income_statement,2023-12-31,Diluted Average Shares,2558824000.0
1913.HK,income_statement,2023-12-31,Basic Average Shares,2558824000.0
1913.HK,income_statement,2023-12-31,Diluted EPS,0.262
1913.HK,income_statement,2023-12-31,Basic EPS,0.262
1913.HK,income_statement,2023-12-31,Diluted NI Availto Com Stockholders,671026000.0
1913.HK,income_statement,2023-12-31,Net Income Common Stockholders,671026000.0
1913.HK,income_statement,2023-12-31,Otherunder Preferred Stock Dividend,0.0
1913.HK,income_statement,2023-12-31,Net Income,671026000.0
1913.HK,income_statement,2023-12-31,Minority Interests,-2366000.0
1913.HK,income_statement,2023-12-31,Net Income Including Noncontrolling Interests,673392000.0
1913.HK,income_statement,2023-12-31,Net Income Continuous Operations,673392000.0
1913.HK,income_statement,2023-12-31,Tax Provision,298071000.0
1913.HK,income_statement,2023-12-31,Pretax Income,971463000.0
1913.HK,income_statement,2023-12-31,Net Non Operating Interest Income Expense,-63549000.0
1913.HK,income_statement,2023-12-31,Total Other Finance Cost,11483000.0
1913.HK,income_statement,2023-12-31,Interest Expense Non Operating,78130000.0
1913.HK,income_statement,2023-12-31,Interest Income Non Operating,26064000.0
1913.HK,income_statement,2023-12-31,Operating Income,1061692000.0
1913.HK,income_statement,2023-12-31,Operating Expense,2740079000.0
1913.HK,income_statement,2023-12-31,Research And Development,150616000.0
1913.HK,income_statement,2023-12-31,Selling General And Administration,2589463000.0
1913.HK,income_statement,2023-12-31,Selling And Marketing Expense,2292914000.0
1913.HK,income_statement,2023-12-31,General And Administrative Expense,296549000.0
1913.HK,income_statement,2023-12-31,Gross Profit,3801771000.0
1913.HK,income_statement,2023-12-31,Cost Of Revenue,924640000.0
1913.HK,income_statement,2023-12-31,Total Revenue,4726411000.0
1913.HK,income_statement,2023-12-31,Operating Revenue,4726411000.0
1913.HK,income_statement,2022-12-31,Tax Effect Of Unusual Items,0.0
1913.HK,income_statement,2022-12-31,Tax Rate For Calcs,0.34
1913.HK,income_statement,2022-12-31,Normalized EBITDA,1420505000.0
1913.HK,income_statement,2022-12-31,Net Income From Continuing Operation Net Minority Interest,465193000.0
1913.HK,income_statement,2022-12-31,Reconciled Depreciation,662424000.0
1913.HK,income_statement,2022-12-31,Reconciled Cost Of Revenue,888580000.0
1913.HK,income_statement,2022-12-31,EBITDA,1420505000.0
1913.HK,income_statement,2022-12-31,EBIT,758081000.0
1913.HK,income_statement,2022-12-31,Net Interest Income,-45800000.0
1913.HK,income_statement,2022-12-31,Interest Expense,47106000.0
1913.HK,income_statement,2022-12-31,Interest Income,6896000.0
1913.HK,income_statement,2022-12-31,Normalized Income,465193000.0
1913.HK,income_statement,2022-12-31,Net Income From Continuing And Discontinued Operation,465193000.0
1913.HK,income_statement,2022-12-31,Total Expenses,3424684000.0
1913.HK,income_statement,2022-12-31,Rent Expense Supplemental,130000.0
1913.HK,income_statement,2022-12-31,Total Operating Income As Reported,775990000.0
1913.HK,income_statement,2022-12-31,Diluted Average Shares,2558824000.0
1913.HK,income_statement,2022-12-31,Basic Average Shares,2558824000.0
1913.HK,income_statement,2022-12-31,Diluted EPS,0.182
1913.HK,income_statement,2022-12-31,Basic EPS,0.182
1913.HK,income_statement,2022-12-31,Diluted NI Availto Com Stockholders,465193000.0
1913.HK,income_statement,2022-12-31,Net Income Common Stockholders,465193000.0
1913.HK,income_statement,2022-12-31,Otherunder Preferred Stock Dividend,0.0
1913.HK,income_statement,2022-12-31,Net Income,465193000.0
1913.HK,income_statement,2022-12-31,Minority Interests,-3962000.0
1913.HK,income_statement,2022-12-31,Net Income Including Noncontrolling Interests,469155000.0
1913.HK,income_statement,2022-12-31,Net Income Continuous Operations,469155000.0
1913.HK,income_statement,2022-12-31,Tax Provision,241820000.0
1913.HK,income_statement,2022-12-31,Pretax Income,710975000.0
1913.HK,income_statement,2022-12-31,Net Non Operating Interest Income Expense,-45800000.0
1913.HK,income_statement,2022-12-31,Total Other Finance Cost,5590000.0
1913.HK,income_statement,2022-12-31,Interest Expense Non Operating,47106000.0
1913.HK,income_statement,2022-12-31,Interest Income Non Operating,6896000.0
1913.HK,income_statement,2022-12-31,Operating Income,775990000.0
1913.HK,income_statement,2022-12-31,Operating Expense,2536104000.0
1913.HK,income_statement,2022-12-31,Research And Development,137469000.0
1913.HK,income_statement,2022-12-31,Selling General And Administration,2398635000.0
1913.HK,income_statement,2022-12-31,Selling And Marketing Expense,2105463000.0
1913.HK,income_statement,2022-12-31,General And Administrative Expense,293172000.0
1913.HK,income_statement,2022-12-31,Gross Profit,3312094000.0
1913.HK,income_statement,2022-12-31,Cost Of Revenue,888580000.0
1913.HK,income_statement,2022-12-31,Total Revenue,4200674000.0
1913.HK,income_statement,2022-12-31,Operating Revenue,4200674000.0
SFER.MI,income_statement,2024-12-31,Tax Effect Of Unusual Items,-1557192.002858
SFER.MI,income_statement,2024-12-31,Tax Rate For Calcs,0.099342
SFER.MI,income_statement,2024-12-31,Normalized EBITDA,146175000.0
SFER.MI,income_statement,2024-12-31,Total Unusual Items,-15675000.0
SFER.MI,income_statement,2024-12-31,Total Unusual Items Excluding Goodwill,-15675000.0
SFER.MI,income_statement,2024-12-31,Net Income From Continuing Operation Net Minority Interest,-68087000.0
SFER.MI,income_statement,2024-12-31,Reconciled Depreciation,178921000.0
SFER.MI,income_statement,2024-12-31,Reconciled Cost Of Revenue,295098000.0
SFER.MI,income_statement,2024-12-31,EBITDA,130500000.0
SFER.MI,income_statement,2024-12-31,EBIT,-48421000.0
SFER.MI,income_statement,2024-12-31,Net Interest Income,-18937000.0
SFER.MI,income_statement,2024-12-31,Interest Expense,27156000.0
SFER.MI,income_statement,2024-12-31,Interest Income,7817000.0
SFER.MI,income_statement,2024-12-31,Normalized Income,-53969192.002858
SFER.MI,income_statement,2024-12-31,Net Income From Continuing And Discontinued Operation,-68087000.0
SFER.MI,income_statement,2024-12-31,Total Expenses,1105504000.0
SFER.MI,income_statement,2024-12-31,Total Operating Income As Reported,-49001000.0
SFER.MI,income_statement,2024-12-31,Diluted Average Shares,165629069.0
SFER.MI,income_statement,2024-12-31,Basic Average Shares,165629069.0
SFER.MI,income_statement,2024-12-31,Diluted EPS,-0.411
SFER.MI,income_statement,2024-12-31,Basic EPS,-0.411
SFER.MI,income_statement,2024-12-31,Diluted NI Availto Com Stockholders,-68087000.0
SFER.MI,income_statement,2024-12-31,Net Income Common Stockholders,-68087000.0
SFER.MI,income_statement,2024-12-31,Otherunder Preferred Stock Dividend,0.0
SFER.MI,income_statement,2024-12-31,Net Income,-68087000.0
SFER.MI,income_statement,2024-12-31,Minority Interests,-18000.0
SFER.MI,income_statement,2024-12-31,Net Income Including Noncontrolling Interests,-68069000.0
SFER.MI,income_statement,2024-12-31,Net Income Continuous Operations,-68069000.0
SFER.MI,income_statement,2024-12-31,Tax Provision,-7508000.0
SFER.MI,income_statement,2024-12-31,Pretax Income,-75577000.0
SFER.MI,income_statement,2024-12-31,Other Non Operating Income Expenses,23994000.0
SFER.MI,income_statement,2024-12-31,Special Income Charges,-2597000.0
SFER.MI,income_statement,2024-12-31,Other Special Charges,1907000.0
SFER.MI,income_statement,2024-12-31,Write Off,690000.0
SFER.MI,income_statement,2024-12-31,Net Non Operating Interest Income Expense,-18937000.0
SFER.MI,income_statement,2024-12-31,Total Other Finance Cost,-402000.0
SFER.MI,income_statement,2024-12-31,Interest Expense Non Operating,27156000.0
SFER.MI,income_statement,2024-12-31,Interest Income Non Operating,7817000.0
SFER.MI,income_statement,2024-12-31,Operating Income,-70398000.0
SFER.MI,income_statement,2024-12-31,Operating Expense,810406000.0
SFER.MI,income_statement,2024-12-31,Other Operating Expenses,23095000.0
SFER.MI,income_statement,2024-12-31,Research And Development,47038000.0
SFER.MI,income_statement,2024-12-31,Selling General And Administration,740273000.0
SFER.MI,income_statement,2024-12-31,Selling And Marketing Expense,583180000.0
SFER.MI,income_statement,2024-12-31,General And Administrative Expense,157093000.0
SFER.MI,income_statement,2024-12-31,Gross Profit,740008000.0
SFER.MI,income_statement,2024-12-31,Cost Of Revenue,295098000.0
SFER.MI,income_statement,2024-12-31,Total Revenue,1035106000.0
SFER.MI,income_statement,2024-12-31,Operating Revenue,1035106000.0
SFER.MI,income_statement,2023-12-31,Tax Effect Of Unusual Items,-294000.0
SFER.MI,income_statement,2023-12-31,Tax Rate For Calcs,0.24
SFER.MI,income_statement,2023-12-31,Normalized EBITDA,249951000.0
SFER.MI,income_statement,2023-12-31,Total Unusual Items,-1225000.0
SFER.MI,income_statement,2023-12-31,Total Unusual Items Excluding Goodwill,-1225000.0
SFER.MI,income_statement,2023-12-31,Net Income From Continuing Operation Net Minority Interest,26060000.0
SFER.MI,income_statement,2023-12-31,Reconciled Depreciation,179789000.0
SFER.MI,income_statement,2023-12-31,Reconciled Cost Of Revenue,316839000.0
SFER.MI,income_statement,2023-12-31,EBITDA,248726000.0
SFER.MI,income_statement,2023-12-31,EBIT,68937000.0
SFER.MI,income_statement,2023-12-31,Net Interest Income,-16582000.0
SFER.MI,income_statement,2023-12-31,Interest Expense,23353000.0
SFER.MI,income_statement,2023-12-31,Interest Income,8549000.0
SFER.MI,income_statement,2023-12-31,Normalized Income,26991000.0
SFER.MI,income_statement,2023-12-31,Net Income From Continuing And Discontinued Operation,26060000.0
SFER.MI,income_statement,2023-12-31,Total Expenses,1102501000.0
SFER.MI,income_statement,2023-12-31,Total Operating Income As Reported,72022000.0
SFER.MI,income_statement,2023-12-31,Diluted Average Shares,165664121.0
SFER.MI,income_statement,2023-12-31,Basic Average Shares,165516389.0
SFER.MI,income_statement,2023-12-31,Diluted EPS,0.157
SFER.MI,income_statement,2023-12-31,Basic EPS,0.157
SFER.MI,income_statement,2023-12-31,Diluted NI Availto Com Stockholders,26060000.0
SFER.MI,income_statement,2023-12-31,Net Income Common Stockholders,26060000.0
SFER.MI,income_statement,2023-12-31,Otherunder Preferred Stock Dividend,0.0
SFER.MI,income_statement,2023-12-31,Net Income,26060000.0
SFER.MI,income_statement,2023-12-31,Minority Interests,-175000.0
SFER.MI,income_statement,2023-12-31,Net Income Including Noncontrolling Interests,26235000.0
SFER.MI,income_statement,2023-12-31,Net Income Continuous Operations,26235000.0
SFER.MI,income_statement,2023-12-31,Tax Provision,19349000.0
SFER.MI,income_statement,2023-12-31,Pretax Income,45584000.0
SFER.MI,income_statement,2023-12-31,Other Non Operating Income Expenses,20844000.0
SFER.MI,income_statement,2023-12-31,Special Income Charges,-2592000.0
SFER.MI,income_statement,2023-12-31,Other Special Charges,475000.0
SFER.MI,income_statement,2023-12-31,Write Off,2117000.0
SFER.MI,income_statement,2023-12-31,Net Non Operating Interest Income Expense,-16582000.0
SFER.MI,income_statement,2023-12-31,Total Other Finance Cost,1778000.0
SFER.MI,income_statement,2023-12-31,Interest Expense Non Operating,23353000.0
SFER.MI,income_statement,2023-12-31,Interest Income Non Operating,8549000.0
SFER.MI,income_statement,2023-12-31,Operating Income,53770000.0
SFER.MI,income_statement,2023-12-31,Operating Expense,785662000.0
SFER.MI,income_statement,2023-12-31,Other Operating Expenses,27090000.0
SFER.MI,income_statement,2023-12-31,Research And Development,53086000.0
SFER.MI,income_statement,2023-12-31,Selling General And Administration,705486000.0
SFER.MI,income_statement,2023-12-31,Selling And Marketing Expense,568344000.0
SFER.MI,income_statement,2023-12-31,General And Administrative Expense,137142000.0
SFER.MI,income_statement,2023-12-31,Gross Profit,839432000.0
SFER.MI,income_statement,2023-12-31,Cost Of Revenue,316839000.0
SFER.MI,income_statement,2023-12-31,Total Revenue,1156271000.0
SFER.MI,income_statement,2023-12-31,Operating Revenue,1156271000.0
SFER.MI,income_statement,2022-12-31,Tax Effect Of Unusual Items,-7401786.0
SFER.MI,income_statement,2022-12-31,Tax Rate For Calcs,0.354
SFER.MI,income_statement,2022-12-31,Normalized EBITDA,309137000.0
SFER.MI,income_statement,2022-12-31,Total Unusual Items,-20909000.0
SFER.MI,income_statement,2022-12-31,Total Unusual Items Excluding Goodwill,-20909000.0
SFER.MI,income_statement,2022-12-31,Net Income From Continuing Operation Net Minority Interest,69609000.0
SFER.MI,income_statement,2022-12-31,Reconciled Depreciation,170962000.0
SFER.MI,income_statement,2022-12-31,Reconciled Cost Of Revenue,350693000.0
SFER.MI,income_statement,2022-12-31,EBITDA,288228000.0
SFER.MI,income_statement,2022-12-31,EBIT,117266000.0
SFER.MI,income_statement,2022-12-31,Net Interest Income,-11874000.0
SFER.MI,income_statement,2022-12-31,Interest Expense,16104000.0
SFER.MI,income_statement,2022-12-31,Interest Income,5896000.0
SFER.MI,income_statement,2022-12-31,Normalized Income,83116214.0
SFER.MI,income_statement,2022-12-31,Net Income From Continuing And Discontinued Operation,69609000.0
SFER.MI,income_statement,2022-12-31,Total Expenses,1140038000.0
SFER.MI,income_statement,2022-12-31,Total Operating Income As Reported,127938000.0
SFER.MI,income_statement,2022-12-31,Diluted Average Shares,166322655.0
SFER.MI,income_statement,2022-12-31,Basic Average Shares,166208310.0
SFER.MI,income_statement,2022-12-31,Diluted EPS,0.419
SFER.MI,income_statement,2022-12-31,Basic EPS,0.419
SFER.MI,income_statement,2022-12-31,Diluted NI Availto Com Stockholders,69609000.0
SFER.MI,income_statement,2022-12-31,Net Income Common Stockholders,69609000.0
SFER.MI,income_statement,2022-12-31,Otherunder Preferred Stock Dividend,0.0
SFER.MI,income_statement,2022-12-31,Net Income,69609000.0
SFER.MI,income_statement,2022-12-31,Minority Interests,4257000.0
SFER.MI,income_statement,2022-12-31,Net Income Including Noncontrolling Interests,65352000.0
SFER.MI,income_statement,2022-12-31,Net Income Discontinuous Operations,0.0
SFER.MI,income_statement,2022-12-31,Net Income Continuous Operations,65352000.0
SFER.MI,income_statement,2022-12-31,Tax Provision,35810000.0
SFER.MI,income_statement,2022-12-31,Pretax Income,101162000.0
SFER.MI,income_statement,2022-12-31,Other Non Operating Income Expenses,19151000.0
SFER.MI,income_statement,2022-12-31,Special Income Charges,-2983000.0
SFER.MI,income_statement,2022-12-31,Other Special Charges,1334000.0
SFER.MI,income_statement,2022-12-31,Write Off,1649000.0
SFER.MI,income_statement,2022-12-31,Impairment Of Capital Assets,386000.0
SFER.MI,income_statement,2022-12-31,Net Non Operating Interest Income Expense,-11874000.0
SFER.MI,income_statement,2022-12-31,Total Other Finance Cost,1666000.0
SFER.MI,income_statement,2022-12-31,Interest Expense Non Operating,16104000.0
SFER.MI,income_statement,2022-12-31,Interest Income Non Operating,5896000.0
SFER.MI,income_statement,2022-12-31,Operating Income,111770000.0
SFER.MI,income_statement,2022-12-31,Operating Expense,789345000.0
SFER.MI,income_statement,2022-12-31,Other Operating Expenses,26032000.0
SFER.MI,income_statement,2022-12-31,Depreciation And Amortization In Income Statement,167736000.0
SFER.MI,income_statement,2022-12-31,Depreciation Income Statement,167736000.0
SFER.MI,income_statement,2022-12-31,Research And Development,49263000.0
SFER.MI,income_statement,2022-12-31,Selling General And Administration,714050000.0
SFER.MI,income_statement,2022-12-31,Selling And Marketing Expense,545231000.0
SFER.MI,income_statement,2022-12-31,General And Administrative Expense,168819000.0
SFER.MI,income_statement,2022-12-31,Gross Profit,901115000.0
SFER.MI,income_statement,2022-12-31,Cost Of Revenue,350693000.0
SFER.MI,income_statement,2022-12-31,Total Revenue,1251808000.0
SFER.MI,income_statement,2022-12-31,Operating Revenue,1251808000.0
SFER.MI,income_statement,2021-12-31,Tax Effect Of Unusual Items,-5221736.0
SFER.MI,income_statement,2021-12-31,Tax Rate For Calcs,0.296
SFER.MI,income_statement,2021-12-31,Normalized EBITDA,318793000.0
SFER.MI,income_statement,2021-12-31,Total Unusual Items,-17641000.0
SFER.MI,income_statement,2021-12-31,Total Unusual Items Excluding Goodwill,-17641000.0
SFER.MI,income_statement,2021-12-31,Net Income From Continuing Operation Net Minority Interest,83839000.0
SFER.MI,income_statement,2021-12-31,Reconciled Depreciation,163172000.0
SFER.MI,income_statement,2021-12-31,Reconciled Cost Of Revenue,354576000.0
SFER.MI,income_statement,2021-12-31,EBITDA,301152000.0
SFER.MI,income_statement,2021-12-31,EBIT,137980000.0
SFER.MI,income_statement,2021-12-31,Net Interest Income,-16843000.0
SFER.MI,income_statement,2021-12-31,Interest Expense,15362000.0
SFER.MI,income_statement,2021-12-31,Interest Income,1263000.0
SFER.MI,income_statement,2021-12-31,Normalized Income,96258264.0
SFER.MI,income_statement,2021-12-31,Net Income From Continuing And Discontinued Operation,78647000.0
SFER.MI,income_statement,2021-12-31,Total Expenses,1017319000.0
SFER.MI,income_statement,2021-12-31,Total Operating Income As Reported,143480000.0
SFER.MI,income_statement,2021-12-31,Diluted Average Shares,168585596.0
SFER.MI,income_statement,2021-12-31,Basic Average Shares,168585596.0
SFER.MI,income_statement,2021-12-31,Diluted EPS,0.467
SFER.MI,income_statement,2021-12-31,Basic EPS,0.467
SFER.MI,income_statement,2021-12-31,Diluted NI Availto Com Stockholders,78647000.0
SFER.MI,income_statement,2021-12-31,Net Income Common Stockholders,78647000.0
SFER.MI,income_statement,2021-12-31,Otherunder Preferred Stock Dividend,0.0
SFER.MI,income_statement,2021-12-31,Net Income,78647000.0
SFER.MI,income_statement,2021-12-31,Minority Interests,-2490000.0
SFER.MI,income_statement,2021-12-31,Net Income Including Noncontrolling Interests,81137000.0
SFER.MI,income_statement,2021-12-31,Net Income Discontinuous Operations,-5192000.0
SFER.MI,income_statement,2021-12-31,Net Income Continuous Operations,86329000.0
SFER.MI,income_statement,2021-12-31,Tax Provision,36289000.0
SFER.MI,income_statement,2021-12-31,Pretax Income,122618000.0
SFER.MI,income_statement,2021-12-31,Other Non Operating Income Expenses,26636000.0
SFER.MI,income_statement,2021-12-31,Special Income Charges,-1357000.0
SFER.MI,income_statement,2021-12-31,Other Special Charges,685000.0
SFER.MI,income_statement,2021-12-31,Write Off,672000.0
SFER.MI,income_statement,2021-12-31,Impairment Of Capital Assets,0.0
SFER.MI,income_statement,2021-12-31,Net Non Operating Interest Income Expense,-16843000.0
SFER.MI,income_statement,2021-12-31,Total Other Finance Cost,2744000.0
SFER.MI,income_statement,2021-12-31,Interest Expense Non Operating,15362000.0
SFER.MI,income_statement,2021-12-31,Interest Income Non Operating,1263000.0
SFER.MI,income_statement,2021-12-31,Operating Income,118201000.0
SFER.MI,income_statement,2021-12-31,Operating Expense,662743000.0
SFER.MI,income_statement,2021-12-31,Other Operating Expenses,21308000.0
SFER.MI,income_statement,2021-12-31,Depreciation And Amortization In Income Statement,157944000.0
SFER.MI,income_statement,2021-12-31,Depreciation Income Statement,157944000.0
SFER.MI,income_statement,2021-12-31,Research And Development,40908000.0
SFER.MI,income_statement,2021-12-31,Selling General And Administration,259042000.0
SFER.MI,income_statement,2021-12-31,Selling And Marketing Expense,207145000.0
SFER.MI,income_statement,2021-12-31,General And Administrative Expense,51897000.0
SFER.MI,income_statement,2021-12-31,Gross Profit,780944000.0
SFER.MI,income_statement,2021-12-31,Cost Of Revenue,354576000.0
SFER.MI,income_statement,2021-12-31,Total Revenue,1135520000.0
SFER.MI,income_statement,2021-12-31,Operating Revenue,1135520000.0
BOSS.DE,income_statement,2025-12-31,Tax Effect Of Unusual Items,-8508750.0
BOSS.DE,income_statement,2025-12-31,Tax Rate For Calcs,0.25
BOSS.DE,income_statement,2025-12-31,Normalized EBITDA,822883000.0
BOSS.DE,income_statement,2025-12-31,Total Unusual Items,-34035000.0
BOSS.DE,income_statement,2025-12-31,Total Unusual Items Excluding Goodwill,-34035000.0
BOSS.DE,income_statement,2025-12-31,Net Income From Continuing Operation Net Minority Interest,249480000.0
BOSS.DE,income_statement,2025-12-31,Reconciled Depreciation,390880000.0
BOSS.DE,income_statement,2025-12-31,Reconciled Cost Of Revenue,1643458000.0
BOSS.DE,income_statement,2025-12-31,EBITDA,788848000.0
BOSS.DE,income_statement,2025-12-31,EBIT,397968000.0
BOSS.DE,income_statement,2025-12-31,Net Interest Income,-50032000.0
BOSS.DE,income_statement,2025-12-31,Interest Expense,53116000.0
BOSS.DE,income_statement,2025-12-31,Interest Income,2087000.0
BOSS.DE,income_statement,2025-12-31,Normalized Income,275006250.0
BOSS.DE,income_statement,2025-12-31,Net Income From Continuing And Discontinued Operation,249480000.0
BOSS.DE,income_statement,2025-12-31,Total Expenses,3842043000.0
BOSS.DE,income_statement,2025-12-31,Total Operating Income As Reported,390753000.0
BOSS.DE,income_statement,2025-12-31,Diluted Average Shares,69016167.0
BOSS.DE,income_statement,2025-12-31,Basic Average Shares,69016167.0
BOSS.DE,income_statement,2025-12-31,Diluted EPS,3.61
BOSS.DE,income_statement,2025-12-31,Basic EPS,3.61
BOSS.DE,income_statement,2025-12-31,Diluted NI Availto Com Stockholders,249480000.0
BOSS.DE,income_statement,2025-12-31,Net Income Common Stockholders,249480000.0
BOSS.DE,income_statement,2025-12-31,Otherunder Preferred Stock Dividend,0.0
BOSS.DE,income_statement,2025-12-31,Net Income,249480000.0
BOSS.DE,income_statement,2025-12-31,Minority Interests,-9805000.0
BOSS.DE,income_statement,2025-12-31,Net Income Including Noncontrolling Interests,259285000.0
BOSS.DE,income_statement,2025-12-31,Net Income Continuous Operations,259285000.0
BOSS.DE,income_statement,2025-12-31,Tax Provision,85567000.0
BOSS.DE,income_statement,2025-12-31,Pretax Income,344852000.0
BOSS.DE,income_statement,2025-12-31,Special Income Charges,-37042000.0
BOSS.DE,income_statement,2025-12-31,Write Off,8006000.0
BOSS.DE,income_statement,2025-12-31,Impairment Of Capital Assets,29036000.0
BOSS.DE,income_statement,2025-12-31,Net Non Operating Interest Income Expense,-50032000.0
BOSS.DE,income_statement,2025-12-31,Total Other Finance Cost,-997000.0
BOSS.DE,income_statement,2025-12-31,Interest Expense Non Operating,53116000.0
BOSS.DE,income_statement,2025-12-31,Interest Income Non Operating,2087000.0
BOSS.DE,income_statement,2025-12-31,Operating Income,427795000.0
BOSS.DE,income_statement,2025-12-31,Operating Expense,2198585000.0
BOSS.DE,income_statement,2025-12-31,Other Operating Expenses,-1686000.0
BOSS.DE,income_statement,2025-12-31,Research And Development,86603000.0
BOSS.DE,income_statement,2025-12-31,Selling General And Administration,2133358000.0
BOSS.DE,income_statement,2025-12-31,Selling And Marketing Expense,1767595000.0
BOSS.DE,income_statement,2025-12-31,General And Administrative Expense,365763000.0
BOSS.DE,income_statement,2025-12-31,Gross Profit,2626380000.0
BOSS.DE,income_statement,2025-12-31,Cost Of Revenue,1643458000.0
BOSS.DE,income_statement,2025-12-31,Total Revenue,4269838000.0
BOSS.DE,income_statement,2025-12-31,Operating Revenue,4269838000.0
BOSS.DE,income_statement,2024-12-31,Tax Effect Of Unusual Items,-14816100.0
BOSS.DE,income_statement,2024-12-31,Tax Rate For Calcs,0.26
BOSS.DE,income_statement,2024-12-31,Normalized EBITDA,828925000.0
BOSS.DE,income_statement,2024-12-31,Total Unusual Items,-56985000.0
BOSS.DE,income_statement,2024-12-31,Total Unusual Items Excluding Goodwill,-56985000.0
BOSS.DE,income_statement,2024-12-31,Net Income From Continuing Operation Net Minority Interest,213468000.0
BOSS.DE,income_statement,2024-12-31,Reconciled Depreciation,414206000.0
BOSS.DE,income_statement,2024-12-31,Reconciled Cost Of Revenue,1647508000.0
BOSS.DE,income_statement,2024-12-31,EBITDA,771940000.0
BOSS.DE,income_statement,2024-12-31,EBIT,357734000.0
BOSS.DE,income_statement,2024-12-31,Net Interest Income,-53252000.0
BOSS.DE,income_statement,2024-12-31,Interest Expense,56231000.0
BOSS.DE,income_statement,2024-12-31,Interest Income,1253000.0
BOSS.DE,income_statement,2024-12-31,Normalized Income,255636900.0
BOSS.DE,income_statement,2024-12-31,Net Income From Continuing And Discontinued Operation,213468000.0
BOSS.DE,income_statement,2024-12-31,Total Expenses,3892417000.0
BOSS.DE,income_statement,2024-12-31,Total Operating Income As Reported,360821000.0
BOSS.DE,income_statement,2024-12-31,Diluted Average Shares,69016167.0
BOSS.DE,income_statement,2024-12-31,Basic Average Shares,69016167.0
BOSS.DE,income_statement,2024-12-31,Diluted EPS,3.09
BOSS.DE,income_statement,2024-12-31,Basic EPS,3.09
BOSS.DE,income_statement,2024-12-31,Diluted NI Availto Com Stockholders,213468000.0
BOSS.DE,income_statement,2024-12-31,Net Income Common Stockholders,213468000.0
BOSS.DE,income_statement,2024-12-31,Otherunder Preferred Stock Dividend,0.0
BOSS.DE,income_statement,2024-12-31,Net Income,213468000.0
BOSS.DE,income_statement,2024-12-31,Minority Interests,-10126000.0
BOSS.DE,income_statement,2024-12-31,Net Income Including Noncontrolling Interests,223594000.0
BOSS.DE,income_statement,2024-12-31,Net Income Continuous Operations,223594000.0
BOSS.DE,income_statement,2024-12-31,Tax Provision,77909000.0
BOSS.DE,income_statement,2024-12-31,Pretax Income,301503000.0
BOSS.DE,income_statement,2024-12-31,Special Income Charges,-54110000.0
BOSS.DE,income_statement,2024-12-31,Write Off,7306000.0
BOSS.DE,income_statement,2024-12-31,Impairment Of Capital Assets,46804000.0
BOSS.DE,income_statement,2024-12-31,Net Non Operating Interest Income Expense,-53252000.0
BOSS.DE,income_statement,2024-12-31,Total Other Finance Cost,-1726000.0
BOSS.DE,income_statement,2024-12-31,Interest Expense Non Operating,56231000.0
BOSS.DE,income_statement,2024-12-31,Interest Income Non Operating,1253000.0
BOSS.DE,income_statement,2024-12-31,Operating Income,414932000.0
BOSS.DE,income_statement,2024-12-31,Operating Expense,2244909000.0
BOSS.DE,income_statement,2024-12-31,Other Operating Expenses,-1818000.0
BOSS.DE,income_statement,2024-12-31,Research And Development,89968000.0
BOSS.DE,income_statement,2024-12-31,Selling General And Administration,2181084000.0
BOSS.DE,income_statement,2024-12-31,Selling And Marketing Expense,1814041000.0
BOSS.DE,income_statement,2024-12-31,General And Administrative Expense,367043000.0
BOSS.DE,income_statement,2024-12-31,Gross Profit,2659841000.0
BOSS.DE,income_statement,2024-12-31,Cost Of Revenue,1647508000.0
BOSS.DE,income_statement,2024-12-31,Total Revenue,4307349000.0
BOSS.DE,income_statement,2024-12-31,Operating Revenue,4307349000.0
BOSS.DE,income_statement,2023-12-31,Tax Effect Of Unusual Items,-2832720.0
BOSS.DE,income_statement,2023-12-31,Tax Rate For Calcs,0.24
BOSS.DE,income_statement,2023-12-31,Normalized EBITDA,756228000.0
BOSS.DE,income_statement,2023-12-31,Total Unusual Items,-11803000.0
BOSS.DE,income_statement,2023-12-31,Total Unusual Items Excluding Goodwill,-11803000.0
BOSS.DE,income_statement,2023-12-31,Net Income From Continuing Operation Net Minority Interest,258371000.0
BOSS.DE,income_statement,2023-12-31,Reconciled Depreciation,341697000.0
BOSS.DE,income_statement,2023-12-31,Reconciled Cost Of Revenue,1616606000.0
BOSS.DE,income_statement,2023-12-31,EBITDA,744425000.0
BOSS.DE,income_statement,2023-12-31,EBIT,402728000.0
BOSS.DE,income_statement,2023-12-31,Net Interest Income,-46815000.0
BOSS.DE,income_statement,2023-12-31,Interest Expense,45839000.0
BOSS.DE,income_statement,2023-12-31,Interest Income,978000.0
BOSS.DE,income_statement,2023-12-31,Normalized Income,267341280.0
BOSS.DE,income_statement,2023-12-31,Net Income From Continuing And Discontinued Operation,258371000.0
BOSS.DE,income_statement,2023-12-31,Total Expenses,3778379000.0
BOSS.DE,income_statement,2023-12-31,Total Operating Income As Reported,410337000.0
BOSS.DE,income_statement,2023-12-31,Diluted Average Shares,69016167.0
BOSS.DE,income_statement,2023-12-31,Basic Average Shares,69016167.0
BOSS.DE,income_statement,2023-12-31,Diluted EPS,3.74
BOSS.DE,income_statement,2023-12-31,Basic EPS,3.74
BOSS.DE,income_statement,2023-12-31,Diluted NI Availto Com Stockholders,258371000.0
BOSS.DE,income_statement,2023-12-31,Net Income Common Stockholders,258371000.0
BOSS.DE,income_statement,2023-12-31,Otherunder Preferred Stock Dividend,0.0
BOSS.DE,income_statement,2023-12-31,Net Income,258371000.0
BOSS.DE,income_statement,2023-12-31,Minority Interests,-11419000.0
BOSS.DE,income_statement,2023-12-31,Net Income Including Noncontrolling Interests,269790000.0
BOSS.DE,income_statement,2023-12-31,Net Income Continuous Operations,269790000.0
BOSS.DE,income_statement,2023-12-31,Tax Provision,87099000.0
BOSS.DE,income_statement,2023-12-31,Pretax Income,356889000.0
BOSS.DE,income_statement,2023-12-31,Special Income Charges,-8742000.0
BOSS.DE,income_statement,2023-12-31,Write Off,4985000.0
BOSS.DE,income_statement,2023-12-31,Impairment Of Capital Assets,3757000.0
BOSS.DE,income_statement,2023-12-31,Net Non Operating Interest Income Expense,-46815000.0
BOSS.DE,income_statement,2023-12-31,Total Other Finance Cost,1954000.0
BOSS.DE,income_statement,2023-12-31,Interest Expense Non Operating,45839000.0
BOSS.DE,income_statement,2023-12-31,Interest Income Non Operating,978000.0
BOSS.DE,income_statement,2023-12-31,Operating Income,419078000.0
BOSS.DE,income_statement,2023-12-31,Operating Expense,2161773000.0
BOSS.DE,income_statement,2023-12-31,Other Operating Expenses,-6848000.0
BOSS.DE,income_statement,2023-12-31,Research And Development,89279000.0
BOSS.DE,income_statement,2023-12-31,Selling General And Administration,2098448000.0
BOSS.DE,income_statement,2023-12-31,Selling And Marketing Expense,1736196000.0
BOSS.DE,income_statement,2023-12-31,General And Administrative Expense,362252000.0
BOSS.DE,income_statement,2023-12-31,Gross Profit,2580851000.0
BOSS.DE,income_statement,2023-12-31,Cost Of Revenue,1616606000.0
BOSS.DE,income_statement,2023-12-31,Total Revenue,4197457000.0
BOSS.DE,income_statement,2023-12-31,Operating Revenue,4197457000.0
BOSS.DE,income_statement,2022-12-31,Tax Effect Of Unusual Items,-3828220.0
BOSS.DE,income_statement,2022-12-31,Tax Rate For Calcs,0.22
BOSS.DE,income_statement,2022-12-31,Normalized EBITDA,673801000.0
BOSS.DE,income_statement,2022-12-31,Total Unusual Items,-17401000.0
BOSS.DE,income_statement,2022-12-31,Total Unusual Items Excluding Goodwill,-17401000.0
BOSS.DE,income_statement,2022-12-31,Net Income From Continuing Operation Net Minority Interest,209495000.0
BOSS.DE,income_statement,2022-12-31,Reconciled Depreciation,345026000.0
BOSS.DE,income_statement,2022-12-31,Reconciled Cost Of Revenue,1395052000.0
BOSS.DE,income_statement,2022-12-31,EBITDA,656400000.0
BOSS.DE,income_statement,2022-12-31,EBIT,311374000.0
BOSS.DE,income_statement,2022-12-31,Net Interest Income,-24582000.0
BOSS.DE,income_statement,2022-12-31,Interest Expense,26079000.0
BOSS.DE,income_statement,2022-12-31,Interest Income,2200000.0
BOSS.DE,income_statement,2022-12-31,Normalized Income,223067780.0
BOSS.DE,income_statement,2022-12-31,Net Income From Continuing And Discontinued Operation,209495000.0
BOSS.DE,income_statement,2022-12-31,Total Expenses,3315959000.0
BOSS.DE,income_statement,2022-12-31,Total Operating Income As Reported,335419000.0
BOSS.DE,income_statement,2022-12-31,Diluted Average Shares,69016167.0
BOSS.DE,income_statement,2022-12-31,Basic Average Shares,69016167.0
BOSS.DE,income_statement,2022-12-31,Diluted EPS,3.04
BOSS.DE,income_statement,2022-12-31,Basic EPS,3.04
BOSS.DE,income_statement,2022-12-31,Diluted NI Availto Com Stockholders,209495000.0
BOSS.DE,income_statement,2022-12-31,Net Income Common Stockholders,209495000.0
BOSS.DE,income_statement,2022-12-31,Otherunder Preferred Stock Dividend,0.0
BOSS.DE,income_statement,2022-12-31,Net Income,209495000.0
BOSS.DE,income_statement,2022-12-31,Minority Interests,-12362000.0
BOSS.DE,income_statement,2022-12-31,Net Income Including Noncontrolling Interests,221858000.0
BOSS.DE,income_statement,2022-12-31,Net Income Continuous Operations,221858000.0
BOSS.DE,income_statement,2022-12-31,Tax Provision,63438000.0
BOSS.DE,income_statement,2022-12-31,Pretax Income,285295000.0
BOSS.DE,income_statement,2022-12-31,Net Non Operating Interest Income Expense,-24582000.0
BOSS.DE,income_statement,2022-12-31,Total Other Finance Cost,703000.0
BOSS.DE,income_statement,2022-12-31,Interest Expense Non Operating,26079000.0
BOSS.DE,income_statement,2022-12-31,Interest Income Non Operating,2200000.0
BOSS.DE,income_statement,2022-12-31,Operating Income,335419000.0
BOSS.DE,income_statement,2022-12-31,Operating Expense,1920907000.0
BOSS.DE,income_statement,2022-12-31,Research And Development,80683000.0
BOSS.DE,income_statement,2022-12-31,Selling General And Administration,1840224000.0
BOSS.DE,income_statement,2022-12-31,Selling And Marketing Expense,1538506000.0
BOSS.DE,income_statement,2022-12-31,General And Administrative Expense,301718000.0
BOSS.DE,income_statement,2022-12-31,Gross Profit,2256326000.0
BOSS.DE,income_statement,2022-12-31,Cost Of Revenue,1395052000.0
BOSS.DE,income_statement,2022-12-31,Total Revenue,3651378000.0
BOSS.DE,income_statement,2022-12-31,Operating Revenue,3651378000.0
